<?xml version="1.0" encoding="UTF-8"?>
<project-private xmlns="http://www.netbeans.org/ns/project-private/1">
    <editor-bookmarks xmlns="http://www.netbeans.org/ns/editor-bookmarks/2" lastBookmarkId="0"/>
    <open-files xmlns="http://www.netbeans.org/ns/projectui-open-files/2">
        <group>
            <file>file:/C:/wamp64/www/GestionScolaire/src/view/3.jpg</file>
            <file>file:/C:/wamp64/www/GestionScolaire/test/LoginPage.java</file>
            <file>file:/C:/wamp64/www/GestionScolaire/src/view/4.jpg</file>
            <file>file:/C:/wamp64/www/GestionScolaire/src/view/login.jpg</file>
            <file>file:/C:/wamp64/www/GestionScolaire/src/view/2.jpg</file>
            <file>file:/C:/wamp64/www/GestionScolaire/src/view/5.jpg</file>
            <file>file:/C:/wamp64/www/GestionScolaire/src/LoginPage.java</file>
            <file>file:/C:/wamp64/www/GestionScolaire/src/view/Login.java</file>
            <file>file:/C:/wamp64/www/GestionScolaire/src/view/AdminPage.java</file>
            <file>file:/C:/wamp64/www/GestionScolaire/src/model/Connexion.java</file>
            <file>file:/C:/wamp64/www/GestionScolaire/src/view/8.jpg</file>
        </group>
    </open-files>
</project-private>
